INSERT INTO roles (role_id,name,deleted,created_at,created_by,last_modified_at,last_modified_by) VALUES('340ddc49-1214-4e00-9a77-2334334b23d3','ROLE_COMPRADOR',false,'2024-11-17','SYSTEM','2024-11-17','SYSTEM');
INSERT INTO roles (role_id,name,deleted,created_at,created_by,last_modified_at,last_modified_by) VALUES('f9c0426d-b39f-4bb6-bd61-ea5814284aef','ROLE_INVERSOR',false,'2024-11-17','SYSTEM','2024-11-17','SYSTEM');
INSERT INTO roles (role_id,name,deleted,created_at,created_by,last_modified_at,last_modified_by) VALUES('1b4c6755-d2ad-4222-ba02-0a5c7f0a8f68','ROLE_ADMIN',false,'2024-11-17','SYSTEM','2024-11-17','SYSTEM');

INSERT INTO users (user_id,email,password,name,lastname,dni,created_at,created_by,last_modified_at,last_modified_by,deleted,is_verified) VALUES ('5244d5da-f08b-44fb-bcc9-3ecb5e561e69','admin@admin.com','$2a$10$xTJqvu37h.m9qviZbBZSA.6JF.o9vf1A./0wuUJaxuFV5FxC0rm1K','ADMIN','ADMIN','12345678','2024-11-06','SYSTEM','2024-11-06','SYSTEM',false,true);
INSERT INTO users (user_id,email,password,name,lastname,dni,created_at,created_by,last_modified_at,last_modified_by,deleted,is_verified) VALUES ('e773d697-7486-4e72-9d16-46bb004f4bd5','ktrieldev@gmail.com','$2a$10$xTJqvu37h.m9qviZbBZSA.6JF.o9vf1A./0wuUJaxuFV5FxC0rm1K','Catriel','Escobar','39340469','2024-11-06','SYSTEM','2024-11-06','SYSTEM',false,false);
INSERT INTO user_role (user_id,role_id) VALUES ('5244d5da-f08b-44fb-bcc9-3ecb5e561e69','1b4c6755-d2ad-4222-ba02-0a5c7f0a8f68');

INSERT INTO loans (loan_id,interest_rate,status,term_months,total_amount,user_id,requested_amount,created_at,created_by,last_modified_at,last_modified_by,deleted,date_accepted) VALUES ('6e239572-72bd-4d41-ba1c-07ca234d9399',18.45,'PRE_APPROVED',6,12732.00,'5244d5da-f08b-44fb-bcc9-3ecb5e561e69',11500.00,'2024-11-17','SYSTEM','2024-11-17','SYSTEM',false,'2024-11-21');

INSERT INTO cloud_files (cloud_file_id, public_id, url, original_file_name) VALUES ('df0c3b2b-3e68-4d24-bef9-5ecbededf4b2', 'financial-al/dpe5ankou6elu2avjczy', 'https://res.cloudinary.com/dzmzrbuta/image/upload/v1732659972/financial-al/dpe5ankou6elu2avjczy.png', 'file1.pdf');
INSERT INTO cloud_files (cloud_file_id, public_id, url, original_file_name) VALUES ('df0c3b2b-3e68-4d24-bef9-5ecbededf4b3', 'financial-al/dpe5ankou6elu2avjczy', 'https://res.cloudinary.com/dzmzrbuta/image/upload/v1732659972/financial-al/dpe5ankou6elu2avjczy.png', 'file2.pdf');
INSERT INTO cloud_files (cloud_file_id, public_id, url, original_file_name) VALUES ('df0c3b2b-3e68-4d24-bef9-5ecbededf4b4', 'financial-al/dpe5ankou6elu2avjczy', 'https://res.cloudinary.com/dzmzrbuta/image/upload/v1732659972/financial-al/dpe5ankou6elu2avjczy.png', 'file3.pdf');
INSERT INTO cloud_files (cloud_file_id, public_id, url, original_file_name) VALUES ('df0c3b2b-3e68-4d24-bef9-5ecbededf4b5', 'financial-al/dpe5ankou6elu2avjczy', 'https://res.cloudinary.com/dzmzrbuta/image/upload/v1732659972/financial-al/dpe5ankou6elu2avjczy.png', 'file4.pdf');
INSERT INTO cloud_files (cloud_file_id, public_id, url, original_file_name) VALUES ('df0c3b2b-3e68-4d24-bef9-5ecbededf4b6', 'financial-al/dpe5ankou6elu2avjczy', 'https://res.cloudinary.com/dzmzrbuta/image/upload/v1732659972/financial-al/dpe5ankou6elu2avjczy.png', 'file5.pdf');
INSERT INTO cloud_files (cloud_file_id, public_id, url, original_file_name) VALUES ('df0c3b2b-3e68-4d24-bef9-5ecbededf4b7', 'financial-al/dpe5ankou6elu2avjczy', 'https://res.cloudinary.com/dzmzrbuta/image/upload/v1732659972/financial-al/dpe5ankou6elu2avjczy.png', 'file6.pdf');
INSERT INTO cloud_files (cloud_file_id, public_id, url, original_file_name) VALUES ('df0c3b2b-3e68-4d24-bef9-5ecbededf4b8', 'financial-al/dpe5ankou6elu2avjczy', 'https://res.cloudinary.com/dzmzrbuta/image/upload/v1732659972/financial-al/dpe5ankou6elu2avjczy.png', 'file7.pdf');
INSERT INTO cloud_files (cloud_file_id, public_id, url, original_file_name) VALUES ('df0c3b2b-3e68-4d24-bef9-5ecbededf4b9', 'financial-al/dpe5ankou6elu2avjczy', 'https://res.cloudinary.com/dzmzrbuta/image/upload/v1732659972/financial-al/dpe5ankou6elu2avjczy.png', 'file8.pdf');
INSERT INTO cloud_files (cloud_file_id, public_id, url, original_file_name) VALUES ('df0c3b2b-3e68-4d24-bef9-5ecbededf4ba', 'financial-al/dpe5ankou6elu2avjczy', 'https://res.cloudinary.com/dzmzrbuta/image/upload/v1732659972/financial-al/dpe5ankou6elu2avjczy.png', 'file9.pdf');
INSERT INTO cloud_files (cloud_file_id, public_id, url, original_file_name) VALUES ('df0c3b2b-3e68-4d24-bef9-5ecbededf4bb', 'financial-al/dpe5ankou6elu2avjczy', 'https://res.cloudinary.com/dzmzrbuta/image/upload/v1732659972/financial-al/dpe5ankou6elu2avjczy.png', 'file10.pdf');

/* Holder */
INSERT INTO loan_documentations (loan_documentation_id, loan_id, doc_type, user_type, guarantee_id, cloud_file_id, upload_date) VALUES ('2e857b8c-376b-4526-9c7a-4fc07db6c0e1', '6e239572-72bd-4d41-ba1c-07ca234d9399', 'IDENTITY_FRONT', 'HOLDER', NULL, 'df0c3b2b-3e68-4d24-bef9-5ecbededf4b2', '2024-11-01');
INSERT INTO loan_documentations (loan_documentation_id, loan_id, doc_type, user_type, guarantee_id, cloud_file_id, upload_date) VALUES ('4797a2e9-76f4-4a4d-b612-4c88dd2a7b76', '6e239572-72bd-4d41-ba1c-07ca234d9399', 'IDENTITY_BACK', 'HOLDER', NULL, 'df0c3b2b-3e68-4d24-bef9-5ecbededf4b3', '2024-11-02');
INSERT INTO loan_documentations (loan_documentation_id, loan_id, doc_type, user_type, guarantee_id, cloud_file_id, upload_date) VALUES ('f063d1a9-f0d9-445e-92e7-879db5f0151c', '6e239572-72bd-4d41-ba1c-07ca234d9399', 'SALARY_RECEIPT', 'HOLDER', NULL, 'df0c3b2b-3e68-4d24-bef9-5ecbededf4b4', '2024-11-03');
INSERT INTO loan_documentations (loan_documentation_id, loan_id, doc_type, user_type, guarantee_id, cloud_file_id, upload_date) VALUES ('7fd25109-5b2d-44f7-9ad6-f6bfb917c07f', '6e239572-72bd-4d41-ba1c-07ca234d9399', 'SERVICE_RECEIPT', 'HOLDER', NULL, 'df0c3b2b-3e68-4d24-bef9-5ecbededf4b5', '2024-11-04');

/* Guarantee 1 */
INSERT INTO loan_documentations (loan_documentation_id, loan_id, doc_type, user_type, guarantee_id, cloud_file_id, upload_date) VALUES ('cd60c621-fd27-4f3a-8753-bb6b8f28d833', '6e239572-72bd-4d41-ba1c-07ca234d9399', 'IDENTITY_FRONT', 'GUARANTOR', '1', 'df0c3b2b-3e68-4d24-bef9-5ecbededf4b6', '2024-11-05');
INSERT INTO loan_documentations (loan_documentation_id, loan_id, doc_type, user_type, guarantee_id, cloud_file_id, upload_date) VALUES ('3c991925-5b36-49f9-965d-68c5369c86a4', '6e239572-72bd-4d41-ba1c-07ca234d9399', 'IDENTITY_BACK', 'GUARANTOR', '1', 'df0c3b2b-3e68-4d24-bef9-5ecbededf4b7', '2024-11-06');
INSERT INTO loan_documentations (loan_documentation_id, loan_id, doc_type, user_type, guarantee_id, cloud_file_id, upload_date) VALUES ('589bfa61-f53c-4c0c-8b69-fd3da30577e9', '6e239572-72bd-4d41-ba1c-07ca234d9399', 'SALARY_RECEIPT', 'GUARANTOR', '1', 'df0c3b2b-3e68-4d24-bef9-5ecbededf4b8', '2024-11-07');
INSERT INTO loan_documentations (loan_documentation_id, loan_id, doc_type, user_type, guarantee_id, cloud_file_id, upload_date) VALUES ('987a4ba7-b6c7-45e4-91de-87a68ec90bcb', '6e239572-72bd-4d41-ba1c-07ca234d9399', 'SERVICE_RECEIPT', 'GUARANTOR', '1', 'df0c3b2b-3e68-4d24-bef9-5ecbededf4b9', '2024-11-08');

/* Guarantee 2 */
INSERT INTO loan_documentations (loan_documentation_id, loan_id, doc_type, user_type, guarantee_id, cloud_file_id, upload_date) VALUES ('dea53719-b1df-482c-909d-b72642cd2913', '6e239572-72bd-4d41-ba1c-07ca234d9399', 'IDENTITY_FRONT', 'GUARANTOR', '2', 'df0c3b2b-3e68-4d24-bef9-5ecbededf4ba', '2024-11-09');
INSERT INTO loan_documentations (loan_documentation_id, loan_id, doc_type, user_type, guarantee_id, cloud_file_id, upload_date) VALUES ('d6c61e4b-9dc8-4bb8-8394-926f7e7aa2b8', '6e239572-72bd-4d41-ba1c-07ca234d9399', 'IDENTITY_BACK', 'GUARANTOR', '2', 'df0c3b2b-3e68-4d24-bef9-5ecbededf4bb', '2024-11-10');
